Date,Open,High,Low,Close,Adj Close,Volume,Return
2000/1/1,24.360001,29,21.719999,21.719999,21.719999,0,
2000/1/8,21.889999,23.49,19.51,19.66,19.66,0,-0.094843421
2000/1/15,21.389999,22.6,20.5,20.82,20.82,0,0.059003052
2000/1/22,21.43,26.540001,21.43,26.139999,26.139999,0,0.255523487
2000/1/29,26.780001,27.43,20.690001,21.540001,21.540001,0,-0.175975447
2000/2/5,22.969999,24.799999,21.17,24.42,24.42,0,0.133704683
2000/2/12,24.67,26.370001,22.629999,26,26,0,0.064701065
2000/2/19,25.91,28.120001,23.559999,25.200001,25.200001,0,-0.030769192
2000/2/26,25.9,26.190001,19.190001,19.209999,19.209999,0,-0.237698483
2000/3/4,20.379999,25.200001,20.33,21.24,21.24,0,0.105674186
2000/3/11,23.030001,24.76,20.49,22.370001,22.370001,0,0.053201554
2000/3/18,22.309999,23.959999,21.1,23.309999,23.309999,0,0.042020472
2000/3/25,24.35,25.870001,23.440001,24.110001,24.110001,0,0.034320122
2000/4/1,24.99,31.16,23.25,24.389999,24.389999,0,0.011613355
2000/4/8,25.440001,33.790001,24.969999,33.490002,33.490002,0,0.373103869
2000/4/15,33.700001,34.310001,25.77,25.85,25.85,0,-0.228127845
2000/4/22,27.790001,29.5,25.200001,26.200001,26.200001,0,0.013539691
2000/4/29,26.07,32.889999,25.26,27.530001,27.530001,0,0.050763357
2000/5/6,28.799999,30.6,25.610001,26.049999,26.049999,0,-0.053759606
2000/5/13,26.469999,26.700001,23.290001,25.440001,25.440001,0,-0.023416431
2000/5/20,26.25,27.9,23.85,24.469999,24.469999,0,-0.038129008
2000/5/27,24.59,24.780001,21.299999,21.48,21.48,0,-0.122190401
2000/6/3,23.059999,23.530001,21.99,22.139999,22.139999,0,0.03072621
2000/6/10,22.219999,23.389999,20.299999,20.5,20.5,0,-0.074074032
2000/6/17,21.16,22.82,20.34,22.34,22.34,0,0.089756098
2000/6/24,24.85,25.01,19.389999,19.540001,19.540001,0,-0.125335676
2000/7/1,20.51,21.65,19.17,19.219999,19.219999,0,-0.016376765
2000/7/8,20.200001,20.629999,19.209999,19.32,19.32,0,0.005202966
2000/7/15,20.02,20.129999,18.77,18.940001,18.940001,0,-0.019668685
2000/7/22,19.35,20.98,19.17,20.84,20.84,0,0.100316732
2000/7/29,20.98,21.17,18.530001,18.620001,18.620001,0,-0.106525864
2000/8/5,19.309999,19.360001,18.34,18.549999,18.549999,0,-0.003759506
2000/8/12,18.98,18.99,16.99,17.049999,17.049999,0,-0.080862538
2000/8/19,17.709999,17.83,16.49,16.530001,16.530001,0,-0.030498418
2000/8/26,17.110001,17.959999,16.280001,17.530001,17.530001,0,0.060496064
2000/9/2,19.18,20.92,18.459999,18.459999,18.459999,0,0.053051794
2000/9/9,19.030001,19.1,17.959999,18.52,18.52,0,0.003250325
2000/9/16,18.879999,22.66,18.780001,20.74,20.74,0,0.11987041
2000/9/23,20.85,22.1,19.4,20.57,20.57,0,-0.008196721
2000/9/30,20.98,23.35,20.41,22.709999,22.709999,0,0.104034954
2000/10/7,23.92,30.549999,23.629999,27.6,27.6,0,0.215323699
2000/10/14,27.33,30.799999,23.02,24.24,24.24,0,-0.12173913
2000/10/21,24.58,30.08,23.6,26.469999,26.469999,0,0.091996658
2000/10/28,26.23,26.48,23.370001,23.67,23.67,0,-0.105780095
2000/11/4,24.530001,28.809999,24.129999,28.530001,28.530001,0,0.205323236
2000/11/11,29.129999,30.57,24.469999,24.809999,24.809999,0,-0.13038913
2000/11/18,26.49,27.83,25.99,26,26,0,0.047964573
2000/11/25,26.120001,31.110001,26.120001,27.48,27.48,0,0.056923077
2000/12/2,28.549999,28.74,22.379999,22.41,22.41,0,-0.184497817
2000/12/9,23.799999,26.870001,22.809999,26.549999,26.549999,0,0.184738911
2000/12/16,26.790001,32.32,25.41,27.549999,27.549999,0,0.037664785
2000/12/23,28.469999,29.129999,26.32,26.85,26.85,0,-0.025408313
2000/12/30,27.93,30.4,25.99,28.67,28.67,0,0.067783985
2001/1/6,29.98,30.799999,24.5,24.559999,24.559999,0,-0.143355459
2001/1/13,25.59,25.68,23,23.24,23.24,0,-0.05374589
2001/1/20,24.27,24.309999,21.469999,22.57,22.57,0,-0.028829604
2001/1/27,22.799999,23.35,20.809999,21.950001,21.950001,0,-0.027470049
2001/2/3,22.75,23.01,20.92,22.030001,22.030001,0,0.003644647
2001/2/10,23.059999,23.129999,20.219999,22.120001,22.120001,0,0.004085338
2001/2/17,23.43,30.620001,23.16,27.209999,27.209999,0,0.230108398
2001/2/24,27.18,30.26,25.02,27.43,27.43,0,0.0080853
2001/3/3,28.32,28.43,24.120001,25.620001,25.620001,0,-0.06598611
2001/3/10,27.879999,30.84,27.549999,29.91,29.91,0,0.167447261
2001/3/17,30.610001,35.450001,29.299999,30.450001,30.450001,0,0.018054196
2001/3/24,30,30.24,27.030001,28.639999,28.639999,0,-0.059441771
2001/3/31,29.4,35.200001,29.16,31.690001,31.690001,0,0.106494487
2001/4/7,31.940001,32.549999,26.120001,26.120001,26.120001,0,-0.17576522
2001/4/14,26.85,27.18,23.01,25.379999,25.379999,0,-0.028330856
2001/4/21,27.35,28.68,24.02,24.02,24.02,0,-0.053585463
2001/4/28,24.209999,26.49,23.879999,23.91,23.91,0,-0.004579517
2001/5/5,25.1,25.459999,23.139999,23.540001,23.540001,0,-0.015474655
2001/5/12,24.23,24.5,21.17,21.23,21.23,0,-0.098130879
2001/5/19,21.9,22.15,20.459999,20.6,20.6,0,-0.029674988
2001/5/26,22.16,23.16,21.52,21.59,21.59,0,0.048058252
2001/6/2,21.639999,22.07,19.469999,19.92,19.92,0,-0.077350625
2001/6/9,20.620001,24.42,20.370001,22.809999,22.809999,0,0.145080271
2001/6/16,23.26,23.540001,19.34,20.02,20.02,0,-0.122314736
2001/6/23,20.360001,21.84,18.83,19.059999,19.059999,0,-0.047952098
2001/6/30,19.75,21.9,18.74,21.629999,21.629999,0,0.134837363
2001/7/7,22.709999,24.91,21.02,21.139999,21.139999,0,-0.022653723
2001/7/14,21.690001,23.84,21.58,22.34,22.34,0,0.056764478
2001/7/21,22.639999,25.610001,21.93,22,22,0,-0.015219338
2001/7/28,22.48,23.030001,19.690001,19.889999,19.889999,0,-0.095909136
2001/8/4,21.07,22.57,20.370001,20.549999,20.549999,0,0.033182505
2001/8/11,20.58,24.24,19.84,23.84,23.84,0,0.16009738
2001/8/18,24.83,24.85,19.700001,19.709999,19.709999,0,-0.173238297
2001/8/25,20.5,25.84,20.129999,24.92,24.92,0,0.26433289
2001/9/1,26.110001,31.299999,24.190001,30.99,30.99,0,0.243579454
2001/9/8,33.110001,33.34,31.84,31.84,31.84,0,0.027428203
2001/9/15,43.200001,49.349998,37.5,42.66,42.66,0,0.339824121
2001/9/22,41.32,41.490002,31.74,31.93,31.93,0,-0.251523676
2001/9/29,33.419998,34.389999,30.309999,33.389999,33.389999,0,0.045724992
2001/10/6,35.66,36.560001,30.83,35.27,35.27,0,0.056304314
2001/10/13,36.75,36.950001,32.439999,34.110001,34.110001,0,-0.032889113
2001/10/20,34.470001,34.66,28.110001,28.42,28.42,0,-0.166813276
2001/10/27,30.43,34.77,30.309999,30.709999,30.709999,0,0.080577023
2001/11/3,31.139999,31.209999,27.34,27.440001,27.440001,0,-0.106479912
2001/11/10,31.940001,31.940001,25.030001,25.07,25.07,0,-0.086370296
2001/11/17,25.43,25.43,23,23.25,23.25,0,-0.072596729
2001/11/24,24.219999,26.459999,22.959999,23.84,23.84,0,0.025376344
2001/12/1,25.92,26.379999,22.58,23.49,23.49,0,-0.014681208
2001/12/8,24.969999,25.93,24.219999,24.629999,24.629999,0,0.048531247
2001/12/15,25.02,25.059999,22.26,22.5,22.5,0,-0.086479865
2001/12/22,23.059999,23.110001,21.120001,21.4,21.4,0,-0.048888889
2001/12/29,22.5,24.200001,20.4,20.450001,20.450001,0,-0.044392477
2002/1/5,21.41,22.84,20.66,22.6,22.6,0,0.10513442
2002/1/12,23.940001,24.040001,22.129999,22.52,22.52,0,-0.003539823
2002/1/19,22.93,23.83,20.74,21.01,21.01,0,-0.06705151
2002/1/26,21.24,26.879999,20.690001,21.120001,21.120001,0,0.00523565
2002/2/2,22.77,27.32,22.690001,23.26,23.26,0,0.101325705
2002/2/9,24.040001,24.040001,20.549999,22.370001,22.370001,0,-0.03826307
2002/2/16,23.92,24.940001,21.9,22.860001,22.860001,0,0.021904335
2002/2/23,23.09,23.110001,19.879999,19.959999,19.959999,0,-0.126859225
2002/3/2,20.690001,21.120001,19.27,19.27,19.27,0,-0.03456909
2002/3/9,20.66,20.77,18.379999,18.42,18.42,0,-0.044110016
2002/3/16,18.790001,19.4,17.620001,17.77,17.77,0,-0.035287731
2002/3/23,18.18,18.719999,17.02,17.4,17.4,0,-0.020821609
2002/3/30,18.99,20.469999,18.610001,19.129999,19.129999,0,0.09942523
2002/4/6,20.35,20.459999,18.17,19.42,19.42,0,0.015159489
2002/4/13,20.129999,20.200001,17.73,18.299999,18.299999,0,-0.057672554
2002/4/20,19.41,22.139999,19.200001,22.139999,22.139999,0,0.209836077
2002/4/27,23.23,24.5,19.91,20.190001,20.190001,0,-0.088075794
2002/5/4,20.99,22.709999,20.209999,22.41,22.41,0,0.109955369
2002/5/11,22.25,22.25,17.700001,17.700001,17.700001,0,-0.210173985
2002/5/18,18.76,20.709999,18.190001,18.9,18.9,0,0.06779655
2002/5/25,20.209999,21.58,19.43,19.98,19.98,0,0.057142857
2002/6/1,20.98,26.15,20.620001,23.51,23.51,0,0.176676677
2002/6/8,24.18,28.780001,22.809999,25.959999,25.959999,0,0.104210932
2002/6/15,25.92,28.5,24.059999,27.23,27.23,0,0.048921458
2002/6/22,27.93,30.98,24.879999,25.4,25.4,0,-0.067205288
2002/6/29,25.709999,31.030001,25.629999,27.110001,27.110001,0,0.067322874
2002/7/6,28.540001,36.349998,27.790001,32.939999,32.939999,0,0.215049715
2002/7/13,35.07,38.380001,33.450001,38.169998,38.169998,0,0.158773502
2002/7/20,39.130001,48.459999,35.509998,35.509998,35.509998,0,-0.06968824
2002/7/27,33.889999,43.93,30.6,41.290001,41.290001,0,0.162771144
2002/8/3,41.950001,45.209999,34.689999,35.330002,35.330002,0,-0.14434485
2002/8/10,37.23,37.52,28.01,28.809999,28.809999,0,-0.184545786
2002/8/17,29.6,30.219999,27.610001,29.32,29.32,0,0.017702222
2002/8/24,30.73,35.419998,29.530001,32.639999,32.639999,0,0.113233254
2002/8/31,37.119999,40.41,35.990002,36.330002,36.330002,0,0.113051566
2002/9/7,39.099998,39.630001,33.720001,35.82,35.82,0,-0.014038039
2002/9/14,37.34,40.700001,35.790001,38.98,38.98,0,0.088218872
2002/9/21,40.779999,41.34,33.959999,36.970001,36.970001,0,-0.051564879
2002/9/28,41.07,41.860001,33.77,39.459999,39.459999,0,0.067351851
2002/10/5,41.650002,43.439999,35.200001,35.700001,35.700001,0,-0.095286318
2002/10/12,36.919998,37.18,33.34,33.529999,33.529999,0,-0.060784368
2002/10/19,35.34,35.610001,29.879999,30,30,0,-0.105278828
2002/10/26,30.780001,33.529999,28.620001,29.299999,29.299999,0,-0.023333367
2002/11/2,29.809999,32.599998,28.83,29.41,29.41,0,0.0037543
2002/11/9,30.629999,31.9,26.440001,26.65,26.65,0,-0.093845631
2002/11/16,27.09,28.15,23.049999,23.16,23.16,0,-0.130956848
2002/11/23,23.92,27.700001,23.620001,27.5,27.5,0,0.187392055
2002/11/30,28.35,30.639999,27.280001,28.879999,28.879999,0,0.050181782
2002/12/7,30.07,31.200001,27.23,28.18,28.18,0,-0.024238193
2002/12/14,28.25,30.84,25.9,26.709999,26.709999,0,-0.052164691
2002/12/21,27.610001,29.969999,25.870001,29.549999,29.549999,0,0.106327222
2002/12/28,30.690001,30.83,24.68,24.68,24.68,0,-0.164805386
2003/1/4,25.32,25.76,24.02,24.32,24.32,0,-0.01458671
2003/1/11,24.950001,26.01,24.379999,25.700001,25.700001,0,0.056743462
2003/1/18,26.75,32.41,26.73,31.51,31.51,0,0.226069991
2003/1/25,33.310001,35.330002,30.610001,31.17,31.17,0,-0.010790225
2003/2/1,32.450001,34.310001,30.870001,34.009998,34.009998,0,0.091113186
2003/2/8,35.209999,35.66,32.419998,32.619999,32.619999,0,-0.040870305
2003/2/15,32.119999,32.119999,30.16,30.25,30.25,0,-0.072654785
2003/2/22,31.459999,33.060001,29.059999,29.629999,29.629999,0,-0.020495901
2003/3/1,29.780001,32.810001,29.709999,31.08,31.08,0,0.048936924
2003/3/8,33.369999,34.400002,30.450001,30.98,30.98,0,-0.003217503
2003/3/15,31.85,32.619999,28.440001,28.67,28.67,0,-0.074564235
2003/3/22,30.530001,31,27.58,27.75,27.75,0,-0.032089292
2003/3/29,29.950001,30.209999,27.450001,29.129999,29.129999,0,0.049729694
2003/4/5,28.860001,28.860001,24.309999,24.440001,24.440001,0,-0.16100234
2003/4/12,24.83,25,21.33,21.5,21.5,0,-0.120294635
2003/4/19,21.809999,22.35,20.26,20.799999,20.799999,0,-0.032558186
2003/4/26,20.889999,22.33,20.459999,20.629999,20.629999,0,-0.008173077
2003/5/3,21.32,21.709999,19.66,19.690001,19.690001,0,-0.045564617
2003/5/10,19.959999,20.290001,18.24,18.4,18.4,0,-0.065515538
2003/5/17,19.49,21.719999,19.139999,19.17,19.17,0,0.041847826
2003/5/24,20.68,20.75,19.440001,19.469999,19.469999,0,0.0156494
2003/5/31,20.35,21.440001,20.059999,21.25,21.25,0,0.091422758
2003/6/7,22.200001,22.809999,20.1,20.66,20.66,0,-0.027764706
2003/6/14,21.280001,21.280001,18.889999,19.139999,19.139999,0,-0.073572168
2003/6/21,20.16,21.25,18.870001,19.16,19.16,0,0.001044984
2003/6/28,19.309999,20.799999,18.84,19.389999,19.389999,0,0.012004123
2003/7/5,19.99,20.32,18.26,18.469999,18.469999,0,-0.04744714
2003/7/12,18.879999,20.450001,18.700001,19.110001,19.110001,0,0.034650895
2003/7/19,20.059999,20.360001,17.65,17.75,17.75,0,-0.071166977
2003/7/26,18.690001,20.77,18.25,20.75,20.75,0,0.169014085
2003/8/2,22.16,23.889999,19.48,19.59,19.59,0,-0.055903614
2003/8/9,20.040001,20.309999,17.75,18.27,18.27,0,-0.067381317
2003/8/16,18.719999,18.85,17.639999,18.549999,18.549999,0,0.015325616
2003/8/23,19.450001,20.299999,18.450001,18.629999,18.629999,0,0.004312669
2003/8/30,19.309999,19.83,18.15,18.17,18.17,0,-0.024691306
2003/9/6,18.299999,20.66,18.25,18.68,18.68,0,0.028068244
2003/9/13,19.15,19.35,17.52,17.540001,17.540001,0,-0.061027784
2003/9/20,19.08,22.73,19.030001,22.23,22.23,0,0.267388753
2003/9/27,22.85,23.26,18.950001,19.5,19.5,0,-0.122807018
2003/10/4,20.690001,20.690001,18.26,18.450001,18.450001,0,-0.053846103
2003/10/11,17.620001,18.049999,16.860001,17.620001,17.620001,0,-0.044986447
2003/10/18,17.84,18.68,16.190001,17.709999,17.709999,0,0.005107718
2003/10/25,17.969999,18.18,15.79,16.1,16.1,0,-0.09090904
2003/11/1,16.33,17.370001,16.219999,16.93,16.93,0,0.051552795
2003/11/8,17.790001,18.530001,16.17,16.940001,16.940001,0,0.000590727
2003/11/15,18.139999,19.610001,17.780001,18.98,18.98,0,0.120424963
2003/11/22,18.91,18.98,16.02,16.32,16.32,0,-0.140147524
2003/11/29,16.74,17.32,15.77,17.09,17.09,0,0.047181373
2003/12/6,17.549999,18.27,16.09,16.41,16.41,0,-0.03978935
2003/12/13,15.8,17.450001,14.66,16.42,16.42,0,0.000609385
2003/12/20,17.059999,17.49,16.24,17.450001,17.450001,0,0.062728441
2003/12/27,17.809999,18.860001,17.07,18.219999,18.219999,0,0.044125957
2004/1/3,18.450001,18.49,15.32,16.75,16.75,0,-0.08068052
2004/1/10,17.32,18.33,14.9,15,15,0,-0.104477612
2004/1/17,15.77,16.129999,14.01,14.84,14.84,0,-0.010666667
2004/1/24,15.78,17.66,14.52,16.629999,16.629999,0,0.120619879
2004/1/31,17.450001,18.059999,15.94,16,16,0,-0.037883286
2004/2/7,16.540001,16.82,14.86,15.58,15.58,0,-0.02625
2004/2/14,15.63,16.549999,15.2,16.040001,16.040001,0,0.029525096
2004/2/21,16.5,16.780001,13.8,14.55,14.55,0,-0.092892825
2004/2/28,14.91,15.27,13.83,14.48,14.48,0,-0.004810997
2004/3/6,14.83,20.690001,14.54,18.299999,18.299999,0,0.263812086
2004/3/13,18.98,21.389999,17.889999,19.15,19.15,0,0.046448145
2004/3/20,20.610001,22.67,16.67,17.33,17.33,0,-0.095039164
2004/3/27,17.110001,17.25,15.21,15.64,15.64,0,-0.097518754
2004/4/3,16.17,16.82,14.81,16.26,16.26,0,0.039641944
2004/4/10,15.71,17.98,14.77,14.94,14.94,0,-0.081180812
2004/4/17,15.73,16.940001,13.86,14.01,14.01,0,-0.062248996
2004/4/24,14.75,17.27,14.37,17.190001,17.190001,0,0.226980799
2004/5/1,17.690001,18.17,15.64,18.129999,18.129999,0,0.054682836
2004/5/8,19.440001,20.41,17.940001,18.469999,18.469999,0,0.018753448
2004/5/15,19.700001,20.450001,17.58,18.49,18.49,0,0.001082891
2004/5/22,18.790001,18.82,15.19,15.5,15.5,0,-0.161709032
2004/5/29,16.6,17.040001,15.82,16.780001,16.780001,0,0.08258071
2004/6/5,16.6,16.700001,14.56,15.04,15.04,0,-0.103694928
2004/6/12,15.54,16.360001,14.48,14.99,14.99,0,-0.003324468
2004/6/19,15.61,15.64,13.75,15.19,15.19,0,0.013342228
2004/6/26,15.28,16.280001,14.25,15.08,15.08,0,-0.007241606
2004/7/3,16.25,16.75,15.5,15.78,15.78,0,0.046419098
2004/7/10,15.25,16.59,13.34,14.34,14.34,0,-0.091254753
2004/7/17,15.17,17.1,13.91,16.5,16.5,0,0.150627615
2004/7/24,17.219999,17.93,15.27,15.32,15.32,0,-0.071515152
2004/7/31,16.42,19.68,15.22,19.34,19.34,0,0.262402089
2004/8/7,19.969999,19.969999,17.25,17.98,17.98,0,-0.070320579
2004/8/14,19.280001,19.280001,15.78,16,16,0,-0.110122358
2004/8/21,16.68,16.709999,14.67,14.71,14.71,0,-0.080625
2004/8/28,15.35,15.85,13.79,13.91,13.91,0,-0.054384772
2004/9/4,14.52,14.64,13.69,13.76,13.76,0,-0.010783609
2004/9/11,13.64,14.67,13.16,14.03,14.03,0,0.019622093
2004/9/18,13.98,15.98,13.38,14.28,14.28,0,0.017818959
2004/9/25,14.86,15.09,12.6,12.75,12.75,0,-0.107142857
2004/10/2,13.05,15.52,12.99,15.05,15.05,0,0.180392157
2004/10/9,14.69,16.559999,13.92,15.04,15.04,0,-0.000664452
2004/10/16,16.16,16.32,14.28,15.28,15.28,0,0.015957447
2004/10/23,16.07,16.870001,14.96,16.27,16.27,0,0.064790576
2004/10/30,16.43,16.76,12.95,13.84,13.84,0,-0.14935464
2004/11/6,14.11,14.48,12.64,13.33,13.33,0,-0.036849711
2004/11/13,14.05,14.06,12.77,13.5,13.5,0,0.012753188
2004/11/20,13.71,13.71,12.56,12.78,12.78,0,-0.053333333
2004/11/27,12.99,13.69,12.4,12.96,12.96,0,0.014084507
2004/12/4,12.95,13.74,12.68,12.76,12.76,0,-0.015432099
2004/12/11,12.37,12.97,11.87,11.95,11.95,0,-0.063479624
2004/12/18,12.26,12.34,11.14,11.23,11.23,0,-0.060251046
2004/12/25,11.53,13.29,11.53,13.29,13.29,0,0.183437222
2005/1/1,13.39,14.45,12.94,13.49,13.49,0,0.015048909
2005/1/8,13.92,13.94,12.29,12.43,12.43,0,-0.078576723
2005/1/15,13.13,14.46,12.3,14.36,14.36,0,0.155269509
2005/1/22,14.38,14.75,12.83,13.24,13.24,0,-0.077994429
2005/1/29,13.63,13.63,10.9,11.21,11.21,0,-0.153323263
2005/2/5,11.53,12.02,11.25,11.43,11.43,0,0.019625335
2005/2/12,11.28,12.12,11.03,11.18,11.18,0,-0.021872266
2005/2/19,12.18,13.2,10.92,11.49,11.49,0,0.027728086
2005/2/26,11.89,13.07,11.66,11.94,11.94,0,0.039164491
2005/3/5,12.36,12.98,11.95,12.8,12.8,0,0.072026801
2005/3/12,12.82,13.81,12.33,13.14,13.14,0,0.0265625
2005/3/19,13.62,14.89,12.97,13.42,13.42,0,0.02130898
2005/3/26,14.01,14.68,12.92,14.09,14.09,0,0.049925484
2005/4/2,14.53,14.76,11.52,12.62,12.62,0,-0.104329312
2005/4/9,12.09,18.049999,11.2,17.74,17.74,0,0.40570523
2005/4/16,18.33,18.59,14.2,15.38,15.38,0,-0.133032694
2005/4/23,15.29,16.92,14.19,15.31,15.31,0,-0.004551365
2005/4/30,15.45,16.01,13.11,14.05,14.05,0,-0.082299151
2005/5/7,14.11,17.700001,13.53,16.32,16.32,0,0.161565836
2005/5/14,16.870001,16.870001,13.07,13.14,13.14,0,-0.194852941
2005/5/21,13.38,13.45,11.65,12.15,12.15,0,-0.075342466
2005/5/28,12.69,13.45,11.52,12.15,12.15,0,0
2005/6/4,12.68,13.07,11.47,11.96,11.96,0,-0.01563786
2005/6/11,12.12,12.12,10.78,11.48,11.48,0,-0.040133779
2005/6/18,12.51,12.53,10.81,12.18,12.18,0,0.06097561
2005/6/25,12.73,12.78,11.38,11.4,11.4,0,-0.064039409
2005/7/2,12.41,13.92,11.09,11.45,11.45,0,0.004385965
2005/7/9,10.96,11.44,10.13,10.33,10.33,0,-0.097816594
2005/7/16,11.09,11.21,9.88,10.52,10.52,0,0.01839303
2005/7/23,11.12,11.73,10.24,11.57,11.57,0,0.099809886
2005/7/30,11.75,12.92,11.36,12.48,12.48,0,0.078651685
2005/8/6,12.56,13.29,11.51,12.74,12.74,0,0.020833333
2005/8/13,12.87,13.89,12.08,13.42,13.42,0,0.053375196
2005/8/20,13.67,14.2,13,13.72,13.72,0,0.022354694
2005/8/27,14.34,14.41,12.31,13.57,13.57,0,-0.010932945
2005/9/3,14.17,14.18,11.96,11.98,11.98,0,-0.117170228
2005/9/10,11.66,13.26,11.07,11.22,11.22,0,-0.063439065
2005/9/17,12.17,14.39,11.83,12.96,12.96,0,0.155080214
2005/9/24,13.27,13.47,11.92,11.92,11.92,0,-0.080246914
2005/10/1,12.37,15.63,11.98,14.59,14.59,0,0.223993289
2005/10/8,14.93,17.190001,14.83,14.87,14.87,0,0.019191227
2005/10/15,15.3,16.27,13.47,16.129999,16.129999,0,0.084734297
2005/10/22,16.18,16.440001,13.72,14.25,14.25,0,-0.116552952
2005/10/29,14.04,15.66,12.5,13.17,13.17,0,-0.075789474
2005/11/5,13.11,13.65,11.63,11.63,11.63,0,-0.116932422
2005/11/12,11.99,12.69,10.96,11.12,11.12,0,-0.043852107
2005/11/19,11.18,11.38,10.5,10.88,10.88,0,-0.021582734
2005/11/26,11.34,12.23,10.94,11.01,11.01,0,0.011948529
2005/12/3,11.45,12.44,10.96,11.69,11.69,0,0.061762035
2005/12/10,10.86,11.81,10.15,10.68,10.68,0,-0.086398631
2005/12/17,11.11,11.45,10.24,10.27,10.27,0,-0.038389513
2005/12/24,10.97,12.07,10.83,12.07,12.07,0,0.17526777
2005/12/31,12.25,12.51,10.81,11,11,0,-0.088649544
2006/1/7,11.35,11.61,10.83,11.23,11.23,0,0.020909091
2006/1/14,12.13,14.56,11.65,14.56,14.56,0,0.296527159
2006/1/21,14.44,14.48,11.72,11.97,11.97,0,-0.177884615
2006/1/28,12.22,13.7,12.07,12.96,12.96,0,0.082706767
2006/2/4,13.43,13.73,12.27,12.87,12.87,0,-0.006944444
2006/2/11,13.34,13.7,11.13,12.01,12.01,0,-0.066822067
2006/2/18,12.36,12.64,11.42,11.46,11.46,0,-0.045795171
2006/2/25,11.79,12.36,11.36,11.96,11.96,0,0.043630017
2006/3/4,12.22,13.34,11.79,11.85,11.85,0,-0.009197324
2006/3/11,11.72,12.2,10.53,12.12,12.12,0,0.02278481
2006/3/18,12.11,12.21,10.79,11.19,11.19,0,-0.076732673
2006/3/25,11.46,11.9,10.7,11.39,11.39,0,0.017873101
2006/4/1,11.47,12.31,11.03,12.26,12.26,0,0.076382792
2006/4/8,12.44,13.09,12.04,12.38,12.38,0,0.009787928
2006/4/15,12.8,13.02,11.02,11.59,11.59,0,-0.063812601
2006/4/22,12.26,12.52,11.34,11.59,11.59,0,0
2006/4/29,11.83,12.59,11.18,11.62,11.62,0,0.002588438
2006/5/6,11.98,14.26,11.78,14.19,14.19,0,0.221170396
2006/5/13,15.12,18.01,12.98,17.18,17.18,0,0.210711769
2006/5/20,18.549999,19.870001,14.26,14.26,14.26,0,-0.169965076
2006/5/27,15.39,18.719999,13.92,14.32,14.32,0,0.004207574
2006/6/3,14.97,20.75,14.97,18.120001,18.120001,0,0.265363198
2006/6/10,18.129999,23.809999,15.65,17.25,17.25,0,-0.048013298
2006/6/17,16.059999,18.1,14.88,15.89,15.89,0,-0.07884058
2006/6/24,16.549999,17,12.74,13.08,13.08,0,-0.17684078
2006/7/1,13.29,14.77,12.77,13.97,13.97,0,0.068042813
2006/7/8,14.17,18.790001,13.1,18.049999,18.049999,0,0.292054331
2006/7/15,18.73,19.58,14.47,17.4,17.4,0,-0.036011027
2006/7/22,17.08,17.08,14.06,14.33,14.33,0,-0.176436782
2006/7/29,15.01,16.15,13.65,14.34,14.34,0,0.000697837
2006/8/5,14.98,15.73,14.07,14.3,14.3,0,-0.0027894
2006/8/12,14.15,14.43,11.57,11.64,11.64,0,-0.186013986
2006/8/19,12.4,12.73,11.93,12.31,12.31,0,0.057560137
2006/8/26,12.92,12.92,11.91,11.96,11.96,0,-0.028432169
2006/9/2,12.8,14.49,12.43,13.16,13.16,0,0.100334448
2006/9/9,13.95,13.95,10.74,11.76,11.76,0,-0.106382979
2006/9/16,12.28,13.28,11.28,12.59,12.59,0,0.070578231
2006/9/23,12.97,13.41,11.42,11.98,11.98,0,-0.048451152
2006/9/30,12.45,12.91,11.55,11.56,11.56,0,-0.035058431
2006/10/7,12.07,12.09,10.75,10.75,10.75,0,-0.070069204
2006/10/14,11.07,12.03,10.44,10.63,10.63,0,-0.011162791
2006/10/21,11.15,11.27,10.47,10.8,10.8,0,0.015992474
2006/10/28,11.36,11.76,10.34,11.16,11.16,0,0.033333333
2006/11/4,11.39,11.49,10.57,10.79,10.79,0,-0.033154122
2006/11/11,11.19,11.31,10.04,10.05,10.05,0,-0.06858202
2006/11/18,10.42,10.86,9.81,10.73,10.73,0,0.067661692
2006/11/25,11.26,12.55,10.58,11.66,11.66,0,0.08667288
2006/12/2,12.01,12.68,10.85,12.07,12.07,0,0.03516295
2006/12/9,11.88,11.93,9.39,10.05,10.05,0,-0.167357084
2006/12/16,10.64,11.46,10.03,11.36,11.36,0,0.130348259
2006/12/23,12.03,12.03,10.59,11.56,11.56,0,0.017605634
2006/12/30,12.16,12.75,11.28,12.14,12.14,0,0.05017301
2007/1/6,12.48,12.83,10.14,10.15,10.15,0,-0.163920923
2007/1/13,10.64,11.04,10.24,10.4,10.4,0,0.024630542
2007/1/20,10.77,11.6,9.87,11.13,11.13,0,0.070192308
2007/1/27,11.5,11.6,9.96,10.08,10.08,0,-0.094339623
2007/2/3,10.53,11.56,10.24,11.1,11.1,0,0.101190476
2007/2/10,11.33,11.88,9.7,10.02,10.02,0,-0.097297297
2007/2/17,10.62,10.72,10.01,10.58,10.58,0,0.055888224
2007/2/24,10.59,19.4,10.52,18.610001,18.610001,0,0.758979301
2007/3/3,20.4,20.41,13.48,14.09,14.09,0,-0.242880213
2007/3/10,14.96,21.25,13.76,16.790001,16.790001,0,0.191625337
2007/3/17,15.82,15.82,11.21,12.95,12.95,0,-0.22870761
2007/3/24,13.39,16.049999,12.91,14.64,14.64,0,0.130501931
2007/3/31,14.91,15.46,12.69,13.23,13.23,0,-0.096311475
2007/4/7,13.26,14.15,12.13,12.2,12.2,0,-0.077853364
2007/4/14,11.86,13.27,11.46,12.07,12.07,0,-0.010655738
2007/4/21,12.6,13.89,12.41,12.45,12.45,0,0.031483016
2007/4/28,12.9,14.6,12.55,12.91,12.91,0,0.036947791
2007/5/5,13.34,13.85,12.54,12.95,12.95,0,0.003098373
2007/5/12,13.26,14.43,12.69,12.76,12.76,0,-0.014671815
2007/5/19,13.24,14.36,12.08,13.34,13.34,0,0.045454545
2007/5/26,13.86,14.29,12.43,12.78,12.78,0,-0.04197901
2007/6/2,13.47,17.09,13.21,14.84,14.84,0,0.161189358
2007/6/9,15.31,16.700001,12.58,13.94,13.94,0,-0.0606469
2007/6/16,14.42,16.58,12.75,15.75,15.75,0,0.129842181
2007/6/23,16.5,18.98,14.62,16.23,16.23,0,0.03047619
2007/6/30,16.48,16.48,14.67,14.72,14.72,0,-0.093037585
2007/7/7,15.34,17.91,14.79,15.15,15.15,0,0.029211957
2007/7/14,15.57,18.530001,15.06,16.950001,16.950001,0,0.118811947
2007/7/21,16.620001,24.17,16.389999,24.17,24.17,0,0.425958618
2007/7/28,23.639999,26.219999,19.68,25.16,25.16,0,0.040959868
2007/8/4,25.32,29.84,19.33,28.299999,28.299999,0,0.124801232
2007/8/11,28.02,37.5,25.23,29.99,29.99,0,0.059717352
2007/8/18,29.870001,29.950001,20.440001,20.719999,20.719999,0,-0.309103068
2007/8/25,22.24,26.57,21.959999,23.379999,23.379999,0,0.128378385
2007/9/1,21.93,26.969999,21.709999,26.23,26.23,0,0.121899107
2007/9/8,26.91,28.82,23.83,24.92,24.92,0,-0.049942814
2007/9/15,26.450001,27.08,18.370001,19,19,0,-0.237560193
2007/9/22,19.040001,20.459999,16.91,18,18,0,-0.052631579
2007/9/29,18.440001,18.99,16.440001,16.91,16.91,0,-0.060555556
2007/10/6,17.73,19.73,16.08,17.73,17.73,0,0.048492017
2007/10/13,18.139999,22.959999,17.73,22.959999,22.959999,0,0.294980203
2007/10/20,23.889999,24.15,19.48,19.559999,19.559999,0,-0.14808363
2007/10/27,19.93,25.17,17.379999,23.01,23.01,0,0.176380428
2007/11/3,25.25,29.15,21.24,28.5,28.5,0,0.238591917
2007/11/10,30.57,31.09,23.07,25.49,25.49,0,-0.105614035
2007/11/17,26.74,27.77,23.620001,25.610001,25.610001,0,0.004707768
2007/11/24,26.459999,28.950001,22,22.870001,22.870001,0,-0.106989453
2007/12/1,23.59,24.59,20.290001,20.85,20.85,0,-0.088325357
2007/12/8,21.16,24.219999,19.77,23.27,23.27,0,0.116067146
2007/12/15,24.129999,24.860001,18.280001,18.469999,18.469999,0,-0.206274216
2007/12/22,19.08,21.049999,18.48,20.74,20.74,0,0.122902064
2007/12/29,21.870001,24.299999,21.790001,23.940001,23.940001,0,0.154291273
2008/1/5,24.620001,25.950001,22.620001,23.68,23.68,0,-0.010860526
2008/1/12,23.76,29.299999,22.65,27.18,27.18,0,0.147804054
2008/1/19,35.119999,37.57,25.93,29.08,29.08,0,0.069904341
2008/1/26,29.67,30.26,24.02,24.02,24.02,0,-0.174002751
2008/2/2,25.09,29.700001,24.85,28.01,28.01,0,0.166111574
2008/2/9,29.139999,29.57,23.98,25.02,25.02,0,-0.10674759
2008/2/16,25.389999,26.950001,23.620001,24.059999,24.059999,0,-0.038369345
2008/2/23,24.059999,26.91,21.639999,26.540001,26.540001,0,0.103075732
2008/3/1,27.540001,29.290001,22.290001,27.49,27.49,0,0.035794987
2008/3/8,28.129999,32.889999,24.9,31.16,31.16,0,0.133503092
2008/3/15,35.139999,35.599998,25.16,26.620001,26.620001,0,-0.145699583
2008/3/22,26.639999,27.040001,24.75,25.709999,25.709999,0,-0.034184897
2008/3/29,25.709999,26.77,21.75,22.450001,22.450001,0,-0.126798838
2008/4/5,22.450001,23.59,21.209999,23.459999,23.459999,0,0.044988773
2008/4/12,23.459999,24.35,19.209999,20.129999,20.129999,0,-0.14194374
2008/4/19,20.15,21.6,19.209999,19.59,19.59,0,-0.026825585
2008/4/26,20.139999,20.83,17.969999,18.18,18.18,0,-0.071975498
2008/5/3,18.68,20.01,18.110001,19.41,19.41,0,0.067656766
2008/5/10,19.17,19.48,16.25,16.469999,16.469999,0,-0.151468367
2008/5/17,16.469999,19.799999,15.82,19.549999,19.549999,0,0.18700669
2008/5/24,20.780001,20.950001,17.540001,17.83,17.83,0,-0.087979493
2008/5/31,17.83,23.790001,17.83,23.559999,23.559999,0,0.321368424
2008/6/7,23.559999,24.469999,20.780001,21.219999,21.219999,0,-0.099320887
2008/6/14,21.219999,23.700001,20.02,22.870001,22.870001,0,0.077756931
2008/6/21,22.889999,24.559999,20.34,23.440001,23.440001,0,0.024923479
2008/6/28,24.25,26.08,22.700001,24.780001,24.780001,0,0.057167233
2008/7/5,25.48,29.440001,22.59,27.49,27.49,0,0.109362344
2008/7/12,27.49,30.809999,23.780001,24.049999,24.049999,0,-0.12513645
2008/7/19,24.049999,24.58,20.73,22.91,22.91,0,-0.047401208
2008/7/26,22.91,24.620001,20.99,22.57,22.57,0,-0.014840681
2008/8/2,23.530001,23.860001,19.75,20.66,20.66,0,-0.084625609
2008/8/9,20.66,22.299999,19.57,19.58,19.58,0,-0.052274927
2008/8/16,19.58,22.139999,18.639999,18.809999,18.809999,0,-0.039325894
2008/8/23,18.780001,21.27,18.780001,20.65,20.65,0,0.097820367
2008/8/30,20.65,24.709999,20.469999,23.059999,23.059999,0,0.116706973
2008/9/6,22.219999,26.67,22.120001,25.66,25.66,0,0.112749398
2008/9/13,25.66,42.16,25.66,32.07,32.07,0,0.249805144
2008/9/20,32.400002,36.709999,30.809999,34.740002,34.740002,0,0.083255441
2008/9/27,36.919998,48.400002,36.919998,45.139999,45.139999,0,0.299366621
2008/10/4,45.119999,76.940002,45.119999,69.949997,69.949997,0,0.549623362
2008/10/11,69.949997,81.169998,46.349998,70.330002,70.330002,0,0.005432523
2008/10/18,70.400002,89.529999,50.91,79.129997,79.129997,0,0.125124339
2008/10/25,79.129997,81.650002,56.73,59.889999,59.889999,0,-0.243144177
2008/11/1,60.169998,64.779999,44.25,56.099998,56.099998,0,-0.063282703
2008/11/8,56.09,69.989998,54.630001,66.309998,66.309998,0,0.181996441
2008/11/15,69.57,81.480003,65.099998,72.669998,72.669998,0,0.095913138
2008/11/22,71.190002,71.349998,50.5,55.279999,55.279999,0,-0.239300942
2008/11/29,60.470001,68.599998,59.259998,59.93,59.93,0,0.084117241
2008/12/6,58.860001,59.869999,52.939999,54.279999,54.279999,0,-0.094276673
2008/12/13,55.68,58.490002,41.290001,44.93,44.93,0,-0.172254959
2008/12/20,44.93,46.689999,41.68,43.380001,43.380001,0,-0.034498086
2008/12/27,43.349998,46.240002,36.880001,39.189999,39.189999,0,-0.096588333
2009/1/3,39.240002,44.599998,37.34,42.82,42.82,0,0.092625698
2009/1/10,42.060001,55.16,41.939999,46.110001,46.110001,0,0.076833279
2009/1/17,50.119999,57.360001,46.150002,47.27,47.27,0,0.02515721
2009/1/24,47.889999,47.93,38.09,44.84,44.84,0,-0.051406812
2009/1/31,49.419998,49.540001,41.200001,43.369999,43.369999,0,-0.032783252
2009/2/7,45.400002,48.119999,40.73,42.93,42.93,0,-0.010145239
2009/2/14,48.139999,52.040001,44.810001,49.299999,49.299999,0,0.148381062
2009/2/21,49.299999,53.16,41.91,46.349998,46.349998,0,-0.05983775
2009/2/28,49.959999,53.25,45.02,49.330002,49.330002,0,0.064293509
2009/3/7,49.349998,51.34,40.029999,42.360001,42.360001,0,-0.141293345
2009/3/14,42.360001,47.630001,38.790001,45.889999,45.889999,0,0.083333284
2009/3/21,45.889999,45.889999,40.169998,41.040001,41.040001,0,-0.105687472
2009/3/28,44.860001,46.279999,39.639999,39.700001,39.700001,0,-0.032651071
2009/4/4,41.959999,43.02,36.529999,36.529999,36.529999,0,-0.079848915
2009/4/11,38.32,38.91,33.68,33.939999,33.939999,0,-0.070900632
2009/4/18,33.939999,40.290001,33.939999,36.82,36.82,0,0.08485566
2009/4/25,39.459999,39.639999,34.5,35.299999,35.299999,0,-0.041281939
2009/5/2,35.299999,36.240002,31.190001,32.049999,32.049999,0,-0.092067991
2009/5/9,32.049999,34.080002,30.59,33.119999,33.119999,0,0.033385336
2009/5/16,32.91,32.91,26.57,32.630001,32.630001,0,-0.014794626
2009/5/23,34.57,34.57,28.85,28.92,28.92,0,-0.113699077
2009/5/30,28.700001,31.790001,28.299999,29.620001,29.620001,0,0.024204737
2009/6/6,30.879999,31.82,26.809999,28.15,28.15,0,-0.049628661
2009/6/13,29.700001,32.77,27.559999,27.99,27.99,0,-0.005683837
2009/6/20,30.4,32.049999,25.76,25.93,25.93,0,-0.073597713
2009/6/27,25.93,28.620001,24.799999,27.950001,27.950001,0,0.077902083
2009/7/4,30.32,33.049999,28.82,29.02,29.02,0,0.03828261
2009/7/11,28.360001,29.24,23.83,24.34,24.34,0,-0.161268091
2009/7/18,25.059999,25.42,23,23.09,23.09,0,-0.051355793
2009/7/25,24.059999,26.219999,24.02,25.92,25.92,0,0.12256388
2009/8/1,25.92,26.49,23.98,24.76,24.76,0,-0.044753086
2009/8/8,24.76,26.98,24.26,24.27,24.27,0,-0.019789984
2009/8/15,24.27,28.389999,23.91,25.01,25.01,0,0.030490317
2009/8/22,25.01,25.889999,23.68,24.76,24.76,0,-0.009996002
2009/8/29,24.76,29.57,24.76,25.26,25.26,0,0.020193861
2009/9/5,25.26,26.15,22.48,24.15,24.15,0,-0.043942993
2009/9/12,25.389999,25.389999,22.780001,23.92,23.92,0,-0.00952381
2009/9/19,25.34,26.34,22.190001,25.610001,25.610001,0,0.070652216
2009/9/26,26.26,29.559999,24.540001,28.68,28.68,0,0.119875005
2009/10/3,29.34,29.34,22.99,23.120001,23.120001,0,-0.193863285
2009/10/10,23.120001,24.07,20.98,21.43,21.43,0,-0.073096926
2009/10/17,21.41,22.77,20.1,22.27,22.27,0,0.039197387
2009/10/24,23.059999,31.59,21.889999,30.690001,30.690001,0,0.378087158
2009/10/31,30.700001,31.84,24.059999,24.190001,24.190001,0,-0.211795366
2009/11/7,24.190001,24.610001,21.610001,23.360001,23.360001,0,-0.034311698
2009/11/14,23.360001,24.200001,21.629999,22.190001,22.190001,0,-0.050085614
2009/11/21,21.98,25.93,20.049999,24.74,24.74,0,0.114916579
2009/11/28,24.950001,25.57,20.610001,21.25,21.25,0,-0.141067098
2009/12/5,22.32,24.200001,21.389999,21.59,21.59,0,0.016
2009/12/12,21.59,23.02,20.459999,21.68,21.68,0,0.004168597
2009/12/19,21.459999,21.51,19.25,19.469999,19.469999,0,-0.101937315
2009/12/26,20.290001,21.83,19.620001,21.68,21.68,0,0.113508018
2010/1/2,21.68,21.68,18.110001,18.129999,18.129999,0,-0.163745434
2010/1/9,16.93,19.459999,16.860001,17.91,17.91,0,-0.012134529
2010/1/16,18.629999,28.01,17.33,27.309999,27.309999,0,0.524846399
2010/1/23,27.32,27.32,22.110001,24.620001,24.620001,0,-0.098498649
2010/1/30,24.33,29.219999,21.08,26.110001,26.110001,0,0.0605199
2010/2/6,26.110001,27.110001,22.73,22.73,22.73,0,-0.12945235
2010/2/13,23.51,23.57,19.709999,20.02,20.02,0,-0.119225693
2010/2/20,20.16,22.68,19.32,19.5,19.5,0,-0.025974026
2010/2/27,19.93,19.940001,17.23,17.42,17.42,0,-0.106666667
2010/3/6,17.950001,19.34,17.43,17.58,17.58,0,0.009184845
2010/3/13,18.280001,18.780001,16.17,16.969999,16.969999,0,-0.034698578
2010/3/20,18.299999,18.690001,16.209999,17.77,17.77,0,0.047142077
2010/3/27,18.17,18.280001,16.790001,17.469999,17.469999,0,-0.016882442
2010/4/3,17.959999,18.16,16.059999,16.139999,16.139999,0,-0.076130514
2010/4/10,15.67,19.700001,15.23,18.360001,18.360001,0,0.137546601
2010/4/17,19.139999,19.549999,15.5,16.620001,16.620001,0,-0.094771237
2010/4/24,17.52,23.200001,17.07,22.049999,22.049999,0,0.326714661
2010/5/1,22.41,42.150002,19.610001,40.950001,40.950001,0,0.857142987
2010/5/8,28.65,33.240002,24.299999,31.24,31.24,0,-0.237118456
2010/5/15,31.33,48.200001,28.09,40.099998,40.099998,0,0.283610691
2010/5/22,41.740002,43.740002,24.1,32.07,32.07,0,-0.200249337
2010/5/29,34.869999,36.119999,29.120001,35.48,35.48,0,0.106329903
2010/6/5,35.66,37.380001,28.6,28.790001,28.790001,0,-0.188556905
2010/6/12,27.940001,28.719999,23.299999,23.950001,23.950001,0,-0.168113923
2010/6/19,22.9,30.41,22.870001,28.530001,28.530001,0,0.191231725
2010/6/26,29.200001,37.580002,28.469999,30.120001,30.120001,0,0.055730808
2010/7/3,28.82,31.15,24.370001,24.98,24.98,0,-0.170650758
2010/7/10,24.66,28.16,23.120001,26.25,26.25,0,0.050840673
2010/7/17,27.02,27.4,23.32,23.469999,23.469999,0,-0.1059048
2010/7/24,24.370001,27.32,21.860001,23.5,23.5,0,0.00127827
2010/7/31,23.07,23.889999,21.719999,21.74,21.74,0,-0.074893617
2010/8/7,21.85,27.209999,21.360001,26.24,26.24,0,0.20699172
2010/8/14,27.41,28.1,23.4,25.49,25.49,0,-0.028582317
2010/8/21,25.969999,28.92,24.41,24.450001,24.450001,0,-0.040800275
2010/8/28,25.879999,27.83,21.24,21.309999,21.309999,0,-0.128425434
2010/9/4,22.77,23.940001,21.76,21.99,21.99,0,0.03190995
2010/9/11,21.059999,22.83,20.85,22.01,22.01,0,0.000909504
2010/9/18,22.469999,24.059999,21.25,21.709999,21.709999,0,-0.013630214
2010/9/25,22.58,24.52,21.969999,22.5,22.5,0,0.036388809
2010/10/2,23.629999,24.34,20.290001,20.709999,20.709999,0,-0.0795556
2010/10/9,19.33,21.59,17.9,19.030001,19.030001,0,-0.081120139
2010/10/16,20.43,21.35,18.76,18.780001,18.780001,0,-0.013137151
2010/10/23,19.219999,22.370001,18.860001,21.200001,21.200001,0,0.128860483
2010/10/30,21.65,22.540001,17.92,18.26,18.26,0,-0.138679286
2010/11/6,19.33,21.23,17.83,20.610001,20.610001,0,0.128696659
2010/11/13,20.33,23.07,17.76,18.040001,18.040001,0,-0.124696743
2010/11/20,19.450001,22.219999,18.35,22.219999,22.219999,0,0.231707193
2010/11/27,23.15,23.84,17.709999,18.01,18.01,0,-0.18946891
2010/12/4,18.799999,18.85,17.059999,17.610001,17.610001,0,-0.022209828
2010/12/11,16.82,18.27,15.46,16.110001,16.110001,0,-0.085178871
2010/12/18,16.219999,16.860001,15.4,16.469999,16.469999,0,0.022346243
2010/12/25,18.26,18.32,17.02,17.75,17.75,0,0.077717127
2011/1/1,17.940001,18.24,16.57,17.139999,17.139999,0,-0.034366254
2011/1/8,18.35,18.629999,15.37,15.46,15.46,0,-0.098016283
2011/1/15,16.190001,18.85,15.71,18.469999,18.469999,0,0.194695925
2011/1/22,18.780001,20.08,15.81,20.040001,20.040001,0,0.08500282
2011/1/29,19.610001,19.959999,15.89,15.93,15.93,0,-0.20508986
2011/2/5,16.139999,17.07,14.86,15.69,15.69,0,-0.015065913
2011/2/12,16.07,17.299999,15.22,16.43,16.43,0,0.047163799
2011/2/19,19.459999,23.219999,18.379999,19.219999,19.219999,0,0.16981126
2011/2/26,19.120001,21.139999,17.629999,19.059999,19.059999,0,-0.008324662
2011/3/5,19.370001,22.25,18.950001,20.08,20.08,0,0.05351527
2011/3/12,21.790001,31.280001,20.92,24.440001,24.440001,0,0.217131524
2011/3/19,22.1,22.16,17.07,17.91,17.91,0,-0.267184973
2011/3/26,18.309999,19.780001,16.440001,17.4,17.4,0,-0.028475712
2011/4/2,17.629999,18.33,16.49,17.870001,17.870001,0,0.027011552
2011/4/9,16.74,18.459999,14.92,15.32,15.32,0,-0.142697306
2011/4/16,18.299999,19.07,14.3,14.69,14.69,0,-0.041122715
2011/4/23,15.64,16.42,14.27,14.75,14.75,0,0.004084411
2011/4/30,15.07,19.290001,15.07,18.4,18.4,0,0.247457627
2011/5/7,18.59,18.59,15.79,17.07,17.07,0,-0.072282609
2011/5/14,17.860001,19.09,15.5,17.43,17.43,0,0.021089631
2011/5/21,20.030001,20.030001,15.36,15.98,15.98,0,-0.083189902
2011/5/28,15.85,19.870001,15.15,17.950001,17.950001,0,0.123279161
2011/6/4,18.42,19.16,17.26,18.860001,18.860001,0,0.050696376
2011/6/11,19.1,24.65,17.799999,21.85,21.85,0,0.158536524
2011/6/18,22.99,23.08,17.719999,21.1,21.1,0,-0.034324943
2011/6/25,21.6,21.82,15.12,15.87,15.87,0,-0.247867299
2011/7/2,16.32,17.139999,15.3,15.95,15.95,0,0.005040958
2011/7/9,17.440001,21.68,17.16,19.530001,19.530001,0,0.224451473
2011/7/16,21.25,21.93,17.139999,17.52,17.52,0,-0.102918633
2011/7/23,19.26,25.940001,18.73,25.25,25.25,0,0.441210046
2011/7/30,22.629999,39.25,22.459999,32,32,0,0.267326733
2011/8/6,36.900002,48,34.009998,36.360001,36.360001,0,0.136250031
2011/8/13,34.73,45.400002,30.809999,43.049999,43.049999,0,0.183993339
2011/8/20,38.799999,43.84,34.049999,35.59,35.59,0,-0.173286857
2011/8/27,33.810001,34.740002,30.16,33.919998,33.919998,0,-0.046923349
2011/9/3,39.84,40.740002,32.790001,38.52,38.52,0,0.135613275
2011/9/10,42.560001,43.18,30.43,30.98,30.98,0,-0.195742471
2011/9/17,34.799999,43.869999,31.450001,41.25,41.25,0,0.331504196
2011/9/24,40.990002,43.34,35.32,42.959999,42.959999,0,0.041454521
2011/10/1,44.25,46.880001,35.189999,36.200001,36.200001,0,-0.157355637
2011/10/8,35.450001,35.450001,28.08,28.24,28.24,0,-0.219889524
2011/10/15,30.35,36.869999,29.690001,31.32,31.32,0,0.109065156
2011/10/22,31.67,33.299999,24.440001,24.530001,24.530001,0,-0.216794349
2011/10/29,27.09,37.529999,27.01,30.16,30.16,0,0.22951483
2011/11/5,31.4,36.43,27.469999,30.040001,30.040001,0,-0.003978747
2011/11/12,31.42,36.459999,30.4,32,32,0,0.065246303
2011/11/19,34.59,35.290001,31.280001,34.470001,34.470001,0,0.077187531
2011/11/26,31.93,33.110001,25.290001,27.52,27.52,0,-0.201624624
2011/12/3,26.74,30.91,26,26.379999,26.379999,0,-0.041424455
2011/12/10,26.780001,27.73,23.27,24.290001,24.290001,0,-0.079226614
2011/12/17,25.139999,25.379999,20.34,20.73,20.73,0,-0.146562406
2011/12/24,22.58,23.559999,21.68,23.4,23.4,0,0.128798842
2011/12/31,22.950001,23.73,20.58,20.629999,20.629999,0,-0.118376111
2012/1/7,21.67,22.43,20.049999,20.91,20.91,0,0.013572516
2012/1/14,20.9,23.440001,18.16,18.280001,18.280001,0,-0.125777092
2012/1/21,19.219999,20,16.799999,18.530001,18.530001,0,0.013676148
2012/1/28,20.33,20.33,16.1,17.1,17.1,0,-0.077172203
2012/2/4,17.98,21.98,16.110001,20.790001,20.790001,0,0.215789532
2012/2/11,19.639999,21.77,17.540001,17.780001,17.780001,0,-0.144781138
2012/2/18,18.41,18.969999,16.42,17.309999,17.309999,0,-0.026434307
2012/2/25,19.1,19.25,17.139999,17.290001,17.290001,0,-0.001155286
2012/3/3,18.27,21.24,16.629999,17.110001,17.110001,0,-0.010410641
2012/3/10,15.79,16.67,13.66,14.47,14.47,0,-0.154295783
2012/3/17,15.42,16.58,14.19,14.82,14.82,0,0.024187975
2012/3/24,14.51,17.27,14.14,15.5,15.5,0,0.045883941
2012/3/31,16.35,17.74,15.02,16.700001,16.700001,0,0.077419419
2012/4/7,18.940001,21.059999,17.200001,19.549999,19.549999,0,0.170658553
2012/4/14,18.870001,20.42,16.969999,17.440001,17.440001,0,-0.107928292
2012/4/21,20.219999,20.27,15.75,16.32,16.32,0,-0.064220237
2012/4/28,17.040001,19.280001,16.01,19.16,19.16,0,0.174019608
2012/5/5,19.799999,21.59,17.950001,19.889999,19.889999,0,0.038100157
2012/5/12,21.469999,25.139999,20.76,25.1,25.1,0,0.261940737
2012/5/19,24.879999,24.879999,19.98,21.76,21.76,0,-0.133067729
2012/5/26,21.700001,26.709999,20.99,26.66,26.66,0,0.225183824
2012/6/2,26.35,27.73,20.290001,21.23,21.23,0,-0.203675919
2012/6/9,19.870001,24.93,19.629999,21.110001,21.110001,0,-0.005652332
2012/6/16,21.76,21.98,16.77,18.110001,18.110001,0,-0.142112736
2012/6/23,20.469999,21.360001,16.870001,17.08,17.08,0,-0.056874707
2012/6/30,17.620001,18.25,16.27,17.1,17.1,0,0.00117096
2012/7/7,18.17,19.51,16.360001,16.74,16.74,0,-0.021052632
2012/7/14,17.309999,17.459999,15.45,16.27,16.27,0,-0.028076464
2012/7/21,20.41,21,16.52,16.700001,16.700001,0,0.026429072
2012/7/28,17.549999,19.25,15.64,15.64,15.64,0,-0.06347311
2012/8/4,15.85,16.469999,14.73,14.74,14.74,0,-0.057544757
2012/8/11,14.09,15.15,13.3,13.45,13.45,0,-0.087516961
2012/8/18,14.11,16.450001,13.38,15.18,15.18,0,0.128624535
2012/8/25,16.15,18.049999,15.75,17.469999,17.469999,0,0.150856324
2012/9/1,18.65,18.959999,14.33,14.38,14.38,0,-0.176874595
2012/9/8,14.27,16.540001,13.51,14.51,14.51,0,0.009040334
2012/9/15,14.67,14.92,13.61,13.98,13.98,0,-0.036526533
2012/9/22,15.06,17.08,13.87,15.73,15.73,0,0.125178827
2012/9/29,16.030001,16.530001,13.67,14.33,14.33,0,-0.089001907
2012/10/6,15.19,16.790001,14.96,16.139999,16.139999,0,0.126308374
2012/10/13,16.049999,17.6,14.5,17.059999,17.059999,0,0.057001243
2012/10/20,17.440001,19.65,16.620001,17.809999,17.809999,0,0.043962488
2012/10/27,17.68,18.84,16.049999,17.59,17.59,0,-0.012352555
2012/11/3,18.33,19.4,17.190001,18.610001,18.610001,0,0.05798755
2012/11/10,18.15,18.639999,15.93,16.41,16.41,0,-0.11821606
2012/11/17,15.88,15.98,14.77,15.14,15.14,0,-0.077391834
2012/11/24,15.63,16.98,14.89,15.87,15.87,0,0.048216645
2012/12/1,15.81,17.530001,15.73,15.9,15.9,0,0.001890359
2012/12/8,16.469999,17.15,15.41,17,17,0,0.06918239
2012/12/15,17.200001,19.93,15.46,17.84,17.84,0,0.049411765
2012/12/22,18.459999,23.23,17.84,22.719999,22.719999,0,0.273542545
2012/12/29,22.139999,22.719999,13.64,13.83,13.83,0,-0.391285184
2013/1/5,14.53,14.53,13.22,13.36,13.36,0,-0.033984093
2013/1/12,13.66,13.99,12.29,12.46,12.46,0,-0.067365269
2013/1/19,13.28,13.5,12.3,12.89,12.89,0,0.034510433
2013/1/26,13.29,14.43,12.72,12.9,12.9,0,0.000775795
2013/2/2,14,14.75,12.89,13.02,13.02,0,0.009302326
2013/2/9,13.37,13.42,12.24,12.46,12.46,0,-0.043010753
2013/2/16,12.81,16.209999,12.08,14.17,14.17,0,0.137239165
2013/2/23,13.69,19.280001,13.57,15.36,15.36,0,0.08398024
2013/3/2,16.16,16.16,12.49,12.59,12.59,0,-0.180338542
2013/3/9,12.31,12.93,11.05,11.3,11.3,0,-0.102462272
2013/3/16,13.47,15.4,12.3,13.57,13.57,0,0.200884956
2013/3/23,12.85,14.61,12.39,12.7,12.7,0,-0.064112012
2013/3/30,13.46,15.65,12.62,13.92,13.92,0,0.096062992
2013/4/6,14.04,14.5,11.99,12.06,12.06,0,-0.13362069
2013/4/13,13.12,18.200001,12.66,14.97,14.97,0,0.241293532
2013/4/20,15.08,16,13.13,13.61,13.61,0,-0.090848363
2013/4/27,13.72,14.67,12.77,12.85,12.85,0,-0.055841293
2013/5/4,13.06,13.53,12.49,12.59,12.59,0,-0.020233463
2013/5/11,12.57,13.46,12.26,12.45,12.45,0,-0.011119936
2013/5/18,13.28,15.11,12.84,13.99,13.99,0,0.123694779
2013/5/25,13.67,16.35,13.56,16.299999,16.299999,0,0.16511787
2013/6/1,16.4,18.51,14.96,15.14,15.14,0,-0.071165587
2013/6/8,15.16,18.6,15.1,17.15,17.15,0,0.132760898
2013/6/15,16.530001,21.32,15.36,18.9,18.9,0,0.102040816
2013/6/22,20.870001,21.91,16.190001,16.860001,16.860001,0,-0.107936455
2013/6/29,16.9,17.32,14.89,14.89,14.89,0,-0.116844655
2013/7/6,14.66,15.27,13.57,13.84,13.84,0,-0.070517126
2013/7/13,13.98,14.56,12.54,12.54,12.54,0,-0.093930636
2013/7/20,13.23,13.73,12.07,12.72,12.72,0,0.014354067
2013/7/27,13.54,14.14,11.98,11.98,11.98,0,-0.058176101
2013/8/3,12.29,13.91,11.83,13.41,13.41,0,0.119365609
2013/8/10,13.52,14.88,12.29,14.37,14.37,0,0.071588367
2013/8/17,14.94,16.559999,13.98,13.98,13.98,0,-0.027139875
2013/8/24,14.37,17.809999,13.9,17.01,17.01,0,0.216738197
2013/8/31,16.469999,17.370001,15.17,15.85,15.85,0,-0.068195179
2013/9/7,15.86,16.02,13.73,14.16,14.16,0,-0.106624606
2013/9/14,14.1,14.68,12.52,13.12,13.12,0,-0.073446328
2013/9/21,14.04,15.79,13.58,15.46,15.46,0,0.178353659
2013/9/28,17.49,18.709999,15.47,16.74,16.74,0,0.082794308
2013/10/5,18.76,21.34,15.46,15.72,15.72,0,-0.0609319
2013/10/12,17.08,18.67,12.34,13.04,13.04,0,-0.170483461
2013/10/19,13.34,14.21,12.93,13.09,13.09,0,0.003834356
2013/10/26,13.62,14.35,13.06,13.28,13.28,0,0.014514897
2013/11/2,13.35,14.14,12.67,12.9,12.9,0,-0.028614458
2013/11/9,12.85,13.35,11.99,12.19,12.19,0,-0.05503876
2013/11/16,12.41,13.94,12.24,12.26,12.26,0,0.005742412
2013/11/23,12.55,13.78,12.44,13.7,13.7,0,0.117455139
2013/11/30,13.91,15.71,13.62,13.79,13.79,0,0.006569343
2013/12/7,13.97,16.09,13.49,15.76,15.76,0,0.142857143
2013/12/14,15.64,16.75,12.89,13.79,13.79,0,-0.125
2013/12/21,13.37,13.53,11.69,12.46,12.46,0,-0.096446701
2013/12/28,12.87,14.59,12.83,13.76,13.76,0,0.104333868
2014/1/4,13.41,14,12.14,12.14,12.14,0,-0.117732558
2014/1/11,12.18,13.65,11.81,12.44,12.44,0,0.024711697
2014/1/18,12.63,18.139999,12.55,18.139999,18.139999,0,0.458199277
2014/1/25,17.290001,18.99,15.8,18.41,18.41,0,0.01488429
2014/2/1,18.57,21.48,15.09,15.29,15.29,0,-0.169473112
2014/2/8,15.63,15.76,13.44,13.57,13.57,0,-0.112491825
2014/2/15,13.95,15.8,13.77,14.68,14.68,0,0.081798084
2014/2/22,14.83,14.83,13.49,14,14,0,-0.046321526
2014/3/1,16.469999,16.780001,13.51,14.11,14.11,0,0.007857143
2014/3/8,14.76,18.219999,13.84,17.82,17.82,0,0.262934089
2014/3/15,16.389999,16.4,13.77,15,15,0,-0.158249158
2014/3/22,14.7,16.07,13.46,14.41,14.41,0,-0.039333333
2014/3/29,13.88,14.55,12.6,13.96,13.96,0,-0.031228314
2014/4/5,14.96,17.85,13.7,17.030001,17.030001,0,0.219914112
2014/4/12,16.139999,17.5,13.07,13.36,13.36,0,-0.215502101
2014/4/19,14.1,14.67,12.9,14.06,14.06,0,0.05239521
2014/4/26,14.27,15.28,12.83,12.91,12.91,0,-0.081792319
2014/5/3,13.95,14.49,12.87,12.92,12.92,0,0.000774593
2014/5/10,12.46,13.77,11.88,12.44,12.44,0,-0.037151703
2014/5/17,13.17,13.3,11.36,11.36,11.36,0,-0.08681672
2014/5/24,11.69,11.86,11.32,11.4,11.4,0,0.003521127
2014/5/31,11.69,12.34,10.73,10.73,10.73,0,-0.05877193
2014/6/7,11.23,12.81,10.93,12.18,12.18,0,0.135135135
2014/6/14,12.65,12.89,10.34,10.85,10.85,0,-0.109195402
2014/6/21,11.26,12.51,10.87,11.26,11.26,0,0.037788018
2014/6/28,11.75,11.81,10.28,10.32,10.32,0,-0.08348135
2014/7/5,11.15,13.23,11.01,12.08,12.08,0,0.170542636
2014/7/12,11.6,15.38,10.59,12.06,12.06,0,-0.001655629
2014/7/19,12.85,13.62,11.41,12.69,12.69,0,0.052238806
2014/7/26,12.93,17.57,12.12,17.030001,17.030001,0,0.342001655
2014/8/2,16.639999,17.299999,14.69,15.77,15.77,0,-0.073987136
2014/8/9,15.16,15.16,11.89,13.15,13.15,0,-0.166138237
2014/8/16,12.85,13.51,11.47,11.47,11.47,0,-0.127756654
2014/8/23,11.58,12.73,11.24,12.09,12.09,0,0.054054054
2014/8/30,12.32,13.41,11.7,12.09,12.09,0,0
2014/9/6,12.64,14.27,12.4,13.31,13.31,0,0.100909843
2014/9/13,13.54,14.53,11.52,12.11,12.11,0,-0.090157776
2014/9/20,13.14,16.690001,13.13,14.85,14.85,0,0.22625929
2014/9/27,16.959999,17.98,14.44,14.55,14.55,0,-0.02020202
2014/10/4,14.46,22.059999,14.05,21.24,21.24,0,0.459793814
2014/10/11,21.16,31.059999,20.23,21.99,21.99,0,0.035310734
2014/10/18,22.110001,22.16,15.56,16.110001,16.110001,0,-0.267394225
2014/10/25,17.24,17.870001,13.72,14.03,14.03,0,-0.129112407
2014/11/1,14.41,15.93,13.01,13.12,13.12,0,-0.064861012
2014/11/8,13.16,14.31,12.38,13.31,13.31,0,0.014481707
2014/11/15,14.7,15.74,12.9,12.9,12.9,0,-0.030803907
2014/11/22,12.92,13.49,11.91,13.33,13.33,0,0.033333333
2014/11/29,14.16,14.75,11.53,11.89,11.89,0,-0.108027007
2014/12/6,13.05,23.059999,12.55,21.08,21.08,0,0.772918419
2014/12/13,19.59,25.200001,16.07,16.49,16.49,0,-0.217741935
2014/12/20,16.32,16.879999,14.01,14.5,14.5,0,-0.1206792
2014/12/27,16.040001,20.139999,15.06,17.790001,17.790001,0,0.226896621
2015/1/3,19.190001,22.9,16.440001,17.549999,17.549999,0,-0.013490837
2015/1/10,18.02,23.43,17.65,20.950001,20.950001,0,0.193732319
2015/1/17,20.07,21.370001,15.81,16.66,16.66,0,-0.204773308
2015/1/24,16.959999,22.18,15.52,20.969999,20.969999,0,0.258703421
2015/1/31,20.889999,22.809999,16.059999,17.290001,17.290001,0,-0.175488707
2015/2/7,19.16,19.280001,14.69,14.69,14.69,0,-0.150375989
2015/2/14,15.85,16.74,14.27,14.3,14.3,0,-0.026548673
2015/2/21,15.05,15.48,12.86,13.34,13.34,0,-0.067132867
2015/2/28,13.9,15.83,12.87,15.2,15.2,0,0.139430285
2015/3/7,15.72,17.190001,14.71,16,16,0,0.052631579
2015/3/14,15.78,16.370001,12.54,13.02,13.02,0,-0.18625
2015/3/21,13.52,17.190001,12.59,15.07,15.07,0,0.157450077
2015/3/28,14.76,16.66,14.08,14.67,14.67,0,-0.0265428
2015/4/4,15.75,15.76,12.51,12.58,12.58,0,-0.142467621
2015/4/11,13.17,15.02,12.5,13.89,13.89,0,0.104133545
2015/4/18,13.67,13.8,12.12,12.29,12.29,0,-0.115190785
2015/4/25,12.34,15.29,12.33,12.7,12.7,0,0.033360456
2015/5/2,13.12,16.360001,12.1,12.86,12.86,0,0.012598425
2015/5/9,13.35,15.13,12.35,12.38,12.38,0,-0.037325039
2015/5/16,13.08,13.27,11.82,12.13,12.13,0,-0.020193861
2015/5/23,13.45,14.63,13.05,13.84,13.84,0,0.140972795
2015/5/30,13.92,15.65,13.4,14.21,14.21,0,0.026734104
2015/6/6,14.84,15.74,12.56,13.78,13.78,0,-0.03026038
2015/6/13,15.48,15.62,12.54,13.96,13.96,0,0.013062409
2015/6/20,13.42,14.91,11.93,14.02,14.02,0,0.004297994
2015/6/27,16.700001,19.799999,15.39,16.790001,16.790001,0,0.197574964
2015/7/4,18.65,20.049999,15.93,16.83,16.83,0,0.002382311
2015/7/11,15.29,15.36,11.77,11.95,11.95,0,-0.289958408
2015/7/18,12.25,14.73,11.71,13.74,13.74,0,0.149790795
2015/7/25,15.6,16.27,11.82,12.12,12.12,0,-0.11790393
2015/8/1,12.85,14.58,10.88,13.39,13.39,0,0.104785479
2015/8/8,12.73,16.280001,12.18,12.83,12.83,0,-0.041822255
2015/8/15,14.32,28.379999,13.01,28.030001,28.030001,0,1.184723383
2015/8/22,28.030001,53.290001,24.49,26.049999,26.049999,0,-0.07063867
2015/8/29,27.030001,33.82,23.450001,27.799999,27.799999,0,0.067178505
2015/9/5,25.049999,27.219999,21.51,23.200001,23.200001,0,-0.16546756
2015/9/12,24.030001,25.32,17.870001,22.280001,22.280001,0,-0.039655171
2015/9/19,21.969999,26.290001,20.049999,23.620001,23.620001,0,0.060143624
2015/9/26,25.02,28.33,20.35,20.940001,20.940001,0,-0.113463162
2015/10/3,20.309999,20.42,16.34,17.08,17.08,0,-0.184336238
2015/10/10,17.68,18.780001,15.05,15.05,15.05,0,-0.118852459
2015/10/17,15.68,16.700001,13.24,14.46,14.46,0,-0.039202658
2015/10/24,14.76,15.99,12.8,15.07,15.07,0,0.042185339
2015/10/31,15.41,16.389999,13.67,14.33,14.33,0,-0.04910418
2015/11/7,15.34,20.67,15.02,20.08,20.08,0,0.401256106
2015/11/14,20.51,20.549999,15.47,15.47,15.47,0,-0.229581673
2015/11/21,16.15,17.209999,15.05,15.12,15.12,0,-0.022624434
2015/11/28,15.55,19.35,14.63,14.81,14.81,0,-0.020502646
2015/12/5,15.65,25.27,15.58,24.389999,24.389999,0,0.646860162
2015/12/12,24.700001,26.809999,16.129999,20.700001,20.700001,0,-0.151291437
2015/12/19,19.639999,20.209999,14.45,15.74,15.74,0,-0.239613563
2015/12/26,17.65,20.389999,15.63,18.209999,18.209999,0,0.156924968
2016/1/2,22.48,27.08,19.25,27.01,27.01,0,0.483251042
2016/1/9,25.58,30.950001,21.440001,27.02,27.02,0,0.000370233
2016/1/16,25.4,32.09,22.219999,22.34,22.34,0,-0.173205033
2016/1/23,23.299999,27.219999,19.5,20.200001,20.200001,0,-0.095792256
2016/1/30,21.32,27.700001,19.610001,23.379999,23.379999,0,0.157425636
2016/2/6,25.889999,30.9,24.469999,25.4,25.4,0,0.086398678
2016/2/13,24.959999,25.52,20.52,20.530001,20.530001,0,-0.191732244
2016/2/20,20.139999,22.870001,18.459999,19.809999,19.809999,0,-0.035070724
2016/2/27,20.49,20.809999,16.049999,16.860001,16.860001,0,-0.148914596
2016/3/5,17.98,19.59,16.280001,16.5,16.5,0,-0.021352371
2016/3/12,17.01,17.85,13.75,14.02,14.02,0,-0.15030303
2016/3/19,14.57,16.440001,13.75,14.74,14.74,0,0.051355207
2016/3/26,15.65,16.040001,13,13.1,13.1,0,-0.111261872
2016/4/2,13.88,16.77,13.66,15.36,15.36,0,0.172519084
2016/4/9,15.34,16.57,13.38,13.62,13.62,0,-0.11328125
2016/4/16,14.87,14.94,12.5,13.22,13.22,0,-0.029368576
2016/4/23,14.07,17.09,13.3,15.7,15.7,0,0.187594554
2016/4/30,16.33,16.85,14.48,14.72,14.72,0,-0.062420382
2016/5/7,15.2,15.47,13.29,15.04,15.04,0,0.02173913
2016/5/14,15.72,17.65,14.28,15.2,15.2,0,0.010638298
2016/5/21,16.33,16.469999,13.04,13.12,13.12,0,-0.136842105
2016/5/28,13.94,15.25,12.9,13.47,13.47,0,0.026676829
2016/6/4,13.84,17.33,12.72,17.030001,17.030001,0,0.264291091
2016/6/11,18.24,22.889999,17.889999,19.41,19.41,0,0.139753309
2016/6/18,17.42,26.24,16.59,25.76,25.76,0,0.327150953
2016/6/25,24.379999,26.719999,14.61,14.77,14.77,0,-0.426630435
2016/7/2,16.049999,17.040001,13.19,13.2,13.2,0,-0.106296547
2016/7/9,13.25,13.93,12.14,12.67,12.67,0,-0.040151515
2016/7/16,12.75,13.12,11.4,12.02,12.02,0,-0.051302289
2016/7/23,12.64,13.74,11.77,11.87,11.87,0,-0.012479201
2016/7/30,11.89,14.24,11.18,11.39,11.39,0,-0.040438079
2016/8/6,11.66,12.5,11.02,11.55,11.55,0,0.01404741
2016/8/13,11.81,13.71,11.33,11.34,11.34,0,-0.018181818
2016/8/20,12.53,14.93,11.72,13.65,13.65,0,0.203703704
2016/8/27,14.09,14.61,11.9,11.98,11.98,0,-0.122344322
2016/9/3,12.42,17.540001,11.65,17.5,17.5,0,0.460767947
2016/9/10,20.129999,20.51,14.76,15.37,15.37,0,-0.121714286
2016/9/17,15.14,16.09,11.76,12.29,12.29,0,-0.200390371
2016/9/24,13.26,15.69,12.14,13.29,13.29,0,0.081366965
2016/10/1,13.75,14.57,12.21,13.48,13.48,0,0.014296464
2016/10/8,14.19,17.950001,13.29,16.120001,16.120001,0,0.195845772
2016/10/15,17.01,17.110001,13.27,13.34,13.34,0,-0.172456627
2016/10/22,13.19,17.35,12.73,16.190001,16.190001,0,0.213643253
2016/10/29,16.309999,23.01,16.25,22.51,22.51,0,0.390364337
2016/11/5,19.780001,21.48,13.26,14.17,14.17,0,-0.370501999
2016/11/12,14.69,15.56,12.85,12.85,12.85,0,-0.093154552
2016/11/19,13.27,13.44,12.16,12.34,12.34,0,-0.039688716
2016/11/26,13.4,14.72,12.23,14.12,14.12,0,0.144246353
2016/12/3,13.75,13.77,11.3,11.75,11.75,0,-0.167847025
2016/12/10,12.23,13.42,12.07,12.2,12.2,0,0.038297872
2016/12/17,12.5,12.52,10.93,11.44,11.44,0,-0.062295082
2016/12/24,12.26,14.68,11.84,14.04,14.04,0,0.227272727
2016/12/31,14.07,14.07,10.98,11.32,11.32,0,-0.193732194
2017/1/7,11.71,12.6,10.94,11.23,11.23,0,-0.00795053
2017/1/14,12.2,13.28,11.53,11.54,11.54,0,0.02760463
2017/1/21,12.3,12.62,10.3,10.58,10.58,0,-0.083188908
2017/1/28,11.1,12.99,9.97,10.97,10.97,0,0.036862004
2017/2/4,11.37,11.84,10.55,10.85,10.85,0,-0.010938924
2017/2/11,11.36,12.86,10.73,11.49,11.49,0,0.058986175
2017/2/18,12.05,12.59,11.34,11.47,11.47,0,-0.001740644
2017/2/25,11.78,12.96,10.94,10.96,10.96,0,-0.044463819
2017/3/4,11.59,12.43,11.04,11.66,11.66,0,0.063868613
2017/3/11,12.16,12.54,10.6,11.28,11.28,0,-0.032590051
2017/3/18,11.71,14.16,10.92,12.96,12.96,0,0.14893617
2017/3/25,14.78,15.11,11.03,12.37,12.37,0,-0.045524691
2017/4/1,12.59,13.59,10.9,12.87,12.87,0,0.040420372
2017/4/8,13.24,16.219999,12.94,15.96,15.96,0,0.24009324
2017/4/15,16.190001,16.280001,13.46,14.63,14.63,0,-0.083333333
2017/4/22,11.56,12.01,10.22,10.82,10.82,0,-0.260423787
2017/4/29,10.92,11.24,9.9,10.57,10.57,0,-0.02310536
2017/5/6,10.53,11.23,9.56,10.4,10.4,0,-0.016083254
2017/5/13,10.54,16.299999,10.18,12.04,12.04,0,0.157692308
2017/5/20,12.29,12.52,9.65,9.81,9.81,0,-0.185215947
2017/5/27,10.61,11.3,9.58,9.75,9.75,0,-0.006116208
2017/6/3,10.08,12.11,9.37,10.7,10.7,0,0.097435897
2017/6/10,11.19,12.37,10.01,10.38,10.38,0,-0.029906542
2017/6/17,10.57,11.4,9.85,10.02,10.02,0,-0.034682081
2017/6/24,10.13,15.16,9.68,11.18,11.18,0,0.115768463
2017/7/1,11.07,13.05,10.28,11.19,11.19,0,0.000894454
2017/7/8,11.26,12.14,9.5,9.51,9.51,0,-0.150134048
2017/7/15,9.77,10.35,9.3,9.36,9.36,0,-0.015772871
2017/7/22,9.94,11.5,8.84,10.29,10.29,0,0.099358974
2017/7/29,10.53,10.84,9.68,10.03,10.03,0,-0.02526725
2017/8/5,10.19,17.280001,9.52,15.51,15.51,0,0.546360917
2017/8/12,14.05,16.040001,11.25,14.26,14.26,0,-0.080593166
2017/8/19,14.59,14.74,11.1,11.28,11.28,0,-0.208976157
2017/8/26,12.09,14.34,10.02,10.13,10.13,0,-0.101950355
2017/9/2,11.75,14.06,11.32,12.12,12.12,0,0.196446199
2017/9/9,11.38,11.39,10,10.17,10.17,0,-0.160891089
2017/9/16,10.18,10.67,9.5,9.59,9.59,0,-0.057030482
2017/9/23,10.08,11.21,9.36,9.51,9.51,0,-0.008342023
2017/9/30,9.59,10.27,9.11,9.65,9.65,0,0.014721346
2017/10/7,9.92,10.66,9.44,9.61,9.61,0,-0.004145078
2017/10/14,9.95,11.77,9.29,9.97,9.97,0,0.037460978
2017/10/21,10.25,13.2,9.74,9.8,9.8,0,-0.017051153
2017/10/28,10.28,10.89,8.99,9.14,9.14,0,-0.067346939
2017/11/4,9.63,12.19,9.29,11.29,11.29,0,0.235229759
2017/11/11,11.43,14.51,11,11.43,11.43,0,0.012400354
2017/11/18,11.96,12.08,8.56,9.67,9.67,0,-0.153980752
2017/11/25,10.07,14.58,9.53,11.43,11.43,0,0.182006205
2017/12/2,11.05,11.86,9.43,9.58,9.58,0,-0.161854768
2017/12/9,9.74,10.54,9.21,9.42,9.42,0,-0.016701461
2017/12/16,9.46,10.18,8.9,9.9,9.9,0,0.050955414
2017/12/23,10.19,11.06,9.71,11.04,11.04,0,0.115151515
2017/12/30,10.95,11.07,8.92,9.22,9.22,0,-0.164855072
2018/1/6,9.61,10.85,9.32,10.16,10.16,0,0.101952278
2018/1/13,10.42,12.81,10.4,11.27,11.27,0,0.109251969
2018/1/20,11.59,12.19,10.76,11.08,11.08,0,-0.016858917
2018/1/27,11.71,17.860001,11.68,17.309999,17.309999,0,0.562274278
2018/2/3,18.440001,50.299999,16.799999,29.059999,29.059999,0,0.678798422
2018/2/10,27.25,29.700001,17.440001,19.459999,19.459999,0,-0.330351009
2018/2/17,20.530001,21.610001,16.469999,16.49,16.49,0,-0.152620717
2018/2/24,16.530001,26.219999,15.29,19.59,19.59,0,0.187992723
2018/3/3,21.549999,21.57,13.31,14.64,14.64,0,-0.252679939
2018/3/10,15.28,17.59,14.94,15.8,15.8,0,0.079234973
2018/3/17,16.629999,26.01,16.26,24.870001,24.870001,0,0.574050696
2018/3/24,23.41,24.940001,19.6,19.969999,19.969999,0,-0.1970246
2018/3/31,21.07,25.719999,18.57,21.49,21.49,0,0.076114225
2018/4/7,21.27,22.02,17.26,17.41,17.41,0,-0.189855747
2018/4/14,17.59,17.66,14.57,16.879999,16.879999,0,-0.030442332
2018/4/21,17.290001,19.84,15.25,15.41,15.41,0,-0.087085254
2018/4/28,15.31,18.66,10.91,14.77,14.77,0,-0.041531473
2018/5/5,15.05,15.56,12.65,12.65,12.65,0,-0.143534191
2018/5/12,13.09,15.01,12.5,13.42,13.42,0,0.060869565
2018/5/19,12.99,14.6,12.29,13.22,13.22,0,-0.01490313
2018/5/26,14.39,18.780001,13.37,13.46,13.46,0,0.018154312
2018/6/2,13.91,13.91,11.22,12.18,12.18,0,-0.095096582
2018/6/9,12.52,13.16,11.88,11.98,11.98,0,-0.016420361
2018/6/16,12.79,15.18,12.18,13.77,13.77,0,0.149415693
2018/6/23,15.07,19.610001,14.56,16.09,16.09,0,0.168482208
2018/6/30,17.700001,18.08,13.34,13.37,13.37,0,-0.169049099
2018/7/7,13.02,14.15,11.62,12.18,12.18,0,-0.089005236
2018/7/14,12.77,13.58,11.44,12.86,12.86,0,0.055829228
2018/7/21,13.47,14.26,11.6,13.03,13.03,0,0.013219285
2018/7/28,13.63,14.53,11.07,11.64,11.64,0,-0.106676899
2018/8/4,11.91,13.82,10.17,13.16,13.16,0,0.130584192
2018/8/11,14.5,16.860001,12.4,12.64,12.64,0,-0.039513678
2018/8/18,12.57,13.29,11.65,11.99,11.99,0,-0.051424051
2018/8/25,12.37,14.03,11.87,12.86,12.86,0,0.072560467
2018/9/1,13.13,15.63,13.12,14.88,14.88,0,0.157076205
2018/9/8,15.09,15.2,11.93,12.07,12.07,0,-0.188844086
2018/9/15,12.72,13.75,11.1,11.68,11.68,0,-0.032311516
2018/9/22,12.46,13.22,11.55,12.12,12.12,0,0.037671233
2018/9/29,11.99,17.360001,11.34,14.82,14.82,0,0.222772277
2018/10/6,16.049999,28.84,15.27,21.309999,21.309999,0,0.43792166
2018/10/13,21.969999,22.889999,17.059999,19.889999,19.889999,0,-0.066635386
2018/10/20,19.379999,27.52,18.82,24.16,24.16,0,0.214680805
2018/10/27,24.48,27.860001,18.049999,19.51,19.51,0,-0.192466887
2018/11/3,20.58,20.870001,16.09,17.360001,17.360001,0,-0.110199846
2018/11/10,17.26,22.969999,17.25,18.139999,18.139999,0,0.044930758
2018/11/17,18.780001,23.809999,18.52,21.52,21.52,0,0.186328621
2018/11/24,20.780001,20.799999,18.030001,18.07,18.07,0,-0.160315985
2018/12/1,16.040001,25.940001,15.94,23.23,23.23,0,0.28555617
2018/12/8,23.950001,25.940001,20.34,21.629999,21.629999,0,-0.068876496
2018/12/15,22.360001,31.35,21.969999,30.110001,30.110001,0,0.392048192
2018/12/22,29.290001,36.200001,27.43,28.34,28.34,0,-0.058784488
2018/12/29,27.59,28.530001,21.190001,21.379999,21.379999,0,-0.245589308
2019/1/5,22.059999,22.799999,18.120001,18.190001,18.190001,0,-0.149204778
2019/1/12,19.84,20.27,17.17,17.799999,17.799999,0,-0.021440461
2019/1/19,18.530001,22.02,17.309999,17.42,17.42,0,-0.02134826
2019/1/26,18.559999,20.42,16.08,16.139999,16.139999,0,-0.073478817
2019/2/2,16.719999,17.889999,15.04,15.72,15.72,0,-0.026022244
2019/2/9,16.17,17.27,14.79,14.91,14.91,0,-0.051526718
2019/2/16,15.65,16.16,14.64,14.88,14.88,0,-0.002012072